Abstract from facility WITHOUT CoC accreditation,Abstract from facility WITHOUT CoC accreditation_lower_0.95,Abstract from facility WITHOUT CoC accreditation_upper_0.95
1.0,1.0,1.0
0.3043478260869565,0.135374743897451,0.4927968398160934
0.25362318840579706,0.09939806388877463,0.442524765222428
0.19021739130434784,0.05650522371390477,0.3834601626770891
0.12681159420289853,0.024361543414163685,0.31727830523830086
0.06340579710144925,0.004619886148327019,0.24298583642376664
0.06340579710144925,0.004619886148327019,0.24298583642376664
