Abstract from facility WITHOUT CoC accreditation,Abstract from facility WITHOUT CoC accreditation_lower_0.95,Abstract from facility WITHOUT CoC accreditation_upper_0.95
1.0,1.0,1.0
0.8333333333333335,0.48171494219537864,0.955509365728065
0.7500000000000001,0.4084159131515949,0.9117204061256984
0.5833333333333333,0.2701389240854973,0.8009401923333868
0.41666666666666663,0.15247126449269222,0.665301541550334
0.25,0.060144555733331315,0.504758833298432
0.16666666666666669,0.026510426590825996,0.41298031272402697
0.16666666666666669,0.026510426590825996,0.41298031272402697
